,Name,Description,geometry
16983,18TYQ,"TILE PROPERTIES<br><table border=0 cellpadding=0 cellspacing=0  width=250 style=""FONT-SIZE: 11px; FONT-FAMILY: Verdana, Arial, Helvetica, sans-serif;""><tr><td bgcolor=""#E3E1CA"" align=""right""><font COLOR=""#000000""><b>TILE_ID</b></font></td><td bgcolor=""#E4E6CA""> <font COLOR=""#008000"">18TYQ</font></td></tr><tr><td bgcolor=""#E3E1CA"" align=""right""><font COLOR=""#000000""><b>EPSG</b></font></td><td bgcolor=""#E4E6CA""> <font COLOR=""#008000"">32618</font></td></tr><tr><td bgcolor=""#E3E1CA"" align=""right""><font COLOR=""#000000""><b>MGRS_REF</b></font></td><td bgcolor=""#E4E6CA""> <font COLOR=""#008000"">45.125153848 -72.45687651 45.089801693 -71.187666434 44.191516963 -71.246126159 44.225784263 -72.495936224</font></td></tr><tr><td bgcolor=""#E3E1CA"" align=""right""><font COLOR=""#000000""><b>UTM_WKT</b></font></td><td bgcolor=""#E4E6CA""> <font COLOR=""#008000"">MULTIPOLYGON(((699960 5000040,699960 4890240,809760 4890240,809760 5000040,699960 5000040)))</font></td></tr><tr><td bgcolor=""#E3E1CA"" align=""right""><font COLOR=""#000000""><b>LL_WKT</b></font></td><td bgcolor=""#E4E6CA""> <font COLOR=""#008000"">MULTIPOLYGON(((-72.4573686427678 45.1255248824707,-72.5001512110072 44.1380076875404,-71.1300132335976 44.0997709174651,-71.0639024439342 45.0859569597091,-72.4573686427678 45.1255248824707)))</font></td></tr></table>","GEOMETRYCOLLECTION Z (POLYGON Z ((-72.45736864280001 45.1255248825 0, -71.06390244390001 45.0859569597 0, -71.1300132336 44.0997709175 0, -72.500151211 44.1380076875 0, -72.45736864280001 45.1255248825 0)), POINT Z (-71.7820268275 44.6126479 0))"
16984,18TYR,"TILE PROPERTIES<br><table border=0 cellpadding=0 cellspacing=0  width=250 style=""FONT-SIZE: 11px; FONT-FAMILY: Verdana, Arial, Helvetica, sans-serif;""><tr><td bgcolor=""#E3E1CA"" align=""right""><font COLOR=""#000000""><b>TILE_ID</b></font></td><td bgcolor=""#E4E6CA""> <font COLOR=""#008000"">18TYR</font></td></tr><tr><td bgcolor=""#E3E1CA"" align=""right""><font COLOR=""#000000""><b>EPSG</b></font></td><td bgcolor=""#E4E6CA""> <font COLOR=""#008000"">32618</font></td></tr><tr><td bgcolor=""#E3E1CA"" align=""right""><font COLOR=""#000000""><b>MGRS_REF</b></font></td><td bgcolor=""#E4E6CA""> <font COLOR=""#008000"">46.024353396 -72.41593488 45.987882143 -71.126394824 45.089801693 -71.187666434 45.125153848 -72.45687651</font></td></tr><tr><td bgcolor=""#E3E1CA"" align=""right""><font COLOR=""#000000""><b>UTM_WKT</b></font></td><td bgcolor=""#E4E6CA""> <font COLOR=""#008000"">MULTIPOLYGON(((699960 5100000,699960 4990200,809760 4990200,809760 5100000,699960 5100000)))</font></td></tr><tr><td bgcolor=""#E3E1CA"" align=""right""><font COLOR=""#000000""><b>LL_WKT</b></font></td><td bgcolor=""#E4E6CA""> <font COLOR=""#008000"">MULTIPOLYGON(((-72.4164511604158 46.0243650751883,-72.4612931365479 45.0370344025708,-71.0699666089789 44.9975876116708,-71.0006794400847 45.9835452060895,-72.4164511604158 46.0243650751883)))</font></td></tr></table>","GEOMETRYCOLLECTION Z (POLYGON Z ((-72.4164511604 46.0243650752 0, -71.0006794401 45.9835452061 0, -71.06996660900001 44.9975876117 0, -72.4612931365 45.0370344026 0, -72.4164511604 46.0243650752 0)), POINT Z (-71.7309862883 45.5109763434 0))"
17890,19TCH,"TILE PROPERTIES<br><table border=0 cellpadding=0 cellspacing=0  width=250 style=""FONT-SIZE: 11px; FONT-FAMILY: Verdana, Arial, Helvetica, sans-serif;""><tr><td bgcolor=""#E3E1CA"" align=""right""><font COLOR=""#000000""><b>TILE_ID</b></font></td><td bgcolor=""#E4E6CA""> <font COLOR=""#008000"">19TCH</font></td></tr><tr><td bgcolor=""#E3E1CA"" align=""right""><font COLOR=""#000000""><b>EPSG</b></font></td><td bgcolor=""#E4E6CA""> <font COLOR=""#008000"">32619</font></td></tr><tr><td bgcolor=""#E3E1CA"" align=""right""><font COLOR=""#000000""><b>MGRS_REF</b></font></td><td bgcolor=""#E4E6CA""> <font COLOR=""#008000"">43.326246335 -71.466782049 43.346200009 -70.233812138 42.445880705 -70.215990056 42.426541772 -71.431182352</font></td></tr><tr><td bgcolor=""#E3E1CA"" align=""right""><font COLOR=""#000000""><b>UTM_WKT</b></font></td><td bgcolor=""#E4E6CA""> <font COLOR=""#008000"">MULTIPOLYGON(((300000 4800000,300000 4690200,409800 4690200,409800 4800000,300000 4800000)))</font></td></tr><tr><td bgcolor=""#E3E1CA"" align=""right""><font COLOR=""#000000""><b>LL_WKT</b></font></td><td bgcolor=""#E4E6CA""> <font COLOR=""#008000"">MULTIPOLYGON(((-71.4667820487681 43.3262463353851,-71.4277806820211 42.338361824681,-70.0953092471625 42.3588399172485,-70.112922164973 43.3474403883624,-71.4667820487681 43.3262463353851)))</font></td></tr></table>","GEOMETRYCOLLECTION Z (POLYGON Z ((-71.4667820488 43.3262463354 0, -70.112922165 43.3474403884 0, -70.09530924720001 42.3588399172 0, -71.42778068200001 42.3383618247 0, -71.4667820488 43.3262463354 0)), POINT Z (-70.781045648 42.8429011065 0))"
17891,19TCJ,"TILE PROPERTIES<br><table border=0 cellpadding=0 cellspacing=0  width=250 style=""FONT-SIZE: 11px; FONT-FAMILY: Verdana, Arial, Helvetica, sans-serif;""><tr><td bgcolor=""#E3E1CA"" align=""right""><font COLOR=""#000000""><b>TILE_ID</b></font></td><td bgcolor=""#E4E6CA""> <font COLOR=""#008000"">19TCJ</font></td></tr><tr><td bgcolor=""#E3E1CA"" align=""right""><font COLOR=""#000000""><b>EPSG</b></font></td><td bgcolor=""#E4E6CA""> <font COLOR=""#008000"">32619</font></td></tr><tr><td bgcolor=""#E3E1CA"" align=""right""><font COLOR=""#000000""><b>MGRS_REF</b></font></td><td bgcolor=""#E4E6CA""> <font COLOR=""#008000"">44.225784263 -71.504063776 44.246370915 -70.252477052 43.346200009 -70.233812138 43.326246335 -71.466782049</font></td></tr><tr><td bgcolor=""#E3E1CA"" align=""right""><font COLOR=""#000000""><b>UTM_WKT</b></font></td><td bgcolor=""#E4E6CA""> <font COLOR=""#008000"">MULTIPOLYGON(((300000 4900020,300000 4790220,409800 4790220,409800 4900020,300000 4900020)))</font></td></tr><tr><td bgcolor=""#E3E1CA"" align=""right""><font COLOR=""#000000""><b>LL_WKT</b></font></td><td bgcolor=""#E4E6CA""> <font COLOR=""#008000"">MULTIPOLYGON(((-71.5040714070848 44.2259641542761,-71.4632276768527 43.2382625528472,-70.111316985803 43.2593919100745,-70.1297627132335 44.2478306835014,-71.5040714070848 44.2259641542761)))</font></td></tr></table>","GEOMETRYCOLLECTION Z (POLYGON Z ((-71.5040714071 44.2259641543 0, -70.12976271319999 44.2478306835 0, -70.1113169858 43.2593919101 0, -71.4632276769 43.2382625528 0, -71.5040714071 44.2259641543 0)), POINT Z (-70.80769419640001 43.7430466182 0))"
17892,19TCK,"TILE PROPERTIES<br><table border=0 cellpadding=0 cellspacing=0  width=250 style=""FONT-SIZE: 11px; FONT-FAMILY: Verdana, Arial, Helvetica, sans-serif;""><tr><td bgcolor=""#E3E1CA"" align=""right""><font COLOR=""#000000""><b>TILE_ID</b></font></td><td bgcolor=""#E4E6CA""> <font COLOR=""#008000"">19TCK</font></td></tr><tr><td bgcolor=""#E3E1CA"" align=""right""><font COLOR=""#000000""><b>EPSG</b></font></td><td bgcolor=""#E4E6CA""> <font COLOR=""#008000"">32619</font></td></tr><tr><td bgcolor=""#E3E1CA"" align=""right""><font COLOR=""#000000""><b>MGRS_REF</b></font></td><td bgcolor=""#E4E6CA""> <font COLOR=""#008000"">45.125153848 -71.54312349 45.146392876 -70.27203296 44.246370915 -70.252477052 44.225784263 -71.504063776</font></td></tr><tr><td bgcolor=""#E3E1CA"" align=""right""><font COLOR=""#000000""><b>UTM_WKT</b></font></td><td bgcolor=""#E4E6CA""> <font COLOR=""#008000"">MULTIPOLYGON(((300000 5000040,300000 4890240,409800 4890240,409800 5000040,300000 5000040)))</font></td></tr><tr><td bgcolor=""#E3E1CA"" align=""right""><font COLOR=""#000000""><b>LL_WKT</b></font></td><td bgcolor=""#E4E6CA""> <font COLOR=""#008000"">MULTIPOLYGON(((-71.5431394829911 45.1255135615296,-71.5003483868818 44.1379967477099,-70.1280812958949 44.1597966332444,-70.147407381612 45.1480731823998,-71.5431394829911 45.1255135615296)))</font></td></tr></table>","GEOMETRYCOLLECTION Z (POLYGON Z ((-71.543139483 45.12551356149999 0, -70.1474073816 45.1480731824 0, -70.1280812959 44.1597966332 0, -71.5003483869 44.1379967477 0, -71.543139483 45.12551356149999 0)), POINT Z (-70.8356103894 44.6430349651 0))"
17893,19TCL,"TILE PROPERTIES<br><table border=0 cellpadding=0 cellspacing=0  width=250 style=""FONT-SIZE: 11px; FONT-FAMILY: Verdana, Arial, Helvetica, sans-serif;""><tr><td bgcolor=""#E3E1CA"" align=""right""><font COLOR=""#000000""><b>TILE_ID</b></font></td><td bgcolor=""#E4E6CA""> <font COLOR=""#008000"">19TCL</font></td></tr><tr><td bgcolor=""#E3E1CA"" align=""right""><font COLOR=""#000000""><b>EPSG</b></font></td><td bgcolor=""#E4E6CA""> <font COLOR=""#008000"">32619</font></td></tr><tr><td bgcolor=""#E3E1CA"" align=""right""><font COLOR=""#000000""><b>MGRS_REF</b></font></td><td bgcolor=""#E4E6CA""> <font COLOR=""#008000"">46.024353396 -71.58406512 46.046265456 -70.292532036 45.146392876 -70.27203296 45.125153848 -71.54312349</font></td></tr><tr><td bgcolor=""#E3E1CA"" align=""right""><font COLOR=""#000000""><b>UTM_WKT</b></font></td><td bgcolor=""#E4E6CA""> <font COLOR=""#008000"">MULTIPOLYGON(((300000 5100000,300000 4990200,409800 4990200,409800 5100000,300000 5100000)))</font></td></tr><tr><td bgcolor=""#E3E1CA"" align=""right""><font COLOR=""#000000""><b>LL_WKT</b></font></td><td bgcolor=""#E4E6CA""> <font COLOR=""#008000"">MULTIPOLYGON(((-71.5840651203842 46.024353395789,-71.5392142069868 45.0370231163109,-70.1456345354744 45.0595135995784,-70.165891910272 46.0476276224836,-71.5840651203842 46.024353395789)))</font></td></tr></table>","GEOMETRYCOLLECTION Z (POLYGON Z ((-71.5840651204 46.0243533958 0, -70.1658919103 46.04762762250001 0, -70.14563453549999 45.05951359960001 0, -71.539214207 45.0370231163 0, -71.5840651204 46.0243533958 0)), POINT Z (-70.8648498279 45.5423253694 0))"
17894,19TCM,"TILE PROPERTIES<br><table border=0 cellpadding=0 cellspacing=0  width=250 style=""FONT-SIZE: 11px; FONT-FAMILY: Verdana, Arial, Helvetica, sans-serif;""><tr><td bgcolor=""#E3E1CA"" align=""right""><font COLOR=""#000000""><b>TILE_ID</b></font></td><td bgcolor=""#E4E6CA""> <font COLOR=""#008000"">19TCM</font></td></tr><tr><td bgcolor=""#E3E1CA"" align=""right""><font COLOR=""#000000""><b>EPSG</b></font></td><td bgcolor=""#E4E6CA""> <font COLOR=""#008000"">32619</font></td></tr><tr><td bgcolor=""#E3E1CA"" align=""right""><font COLOR=""#000000""><b>MGRS_REF</b></font></td><td bgcolor=""#E4E6CA""> <font COLOR=""#008000"">46.92338122 -71.627001398 46.945988324 -70.314030877 46.046265456 -70.292532036 46.024353396 -71.58406512</font></td></tr><tr><td bgcolor=""#E3E1CA"" align=""right""><font COLOR=""#000000""><b>UTM_WKT</b></font></td><td bgcolor=""#E4E6CA""> <font COLOR=""#008000"">MULTIPOLYGON(((300000 5200020,300000 5090220,409800 5090220,409800 5200020,300000 5200020)))</font></td></tr><tr><td bgcolor=""#E3E1CA"" align=""right""><font COLOR=""#000000""><b>LL_WKT</b></font></td><td bgcolor=""#E4E6CA""> <font COLOR=""#008000"">MULTIPOLYGON(((-71.6270101923763 46.9235610080068,-71.5799749213566 45.9364192287437,-70.1640444830184 45.9596225320207,-70.1852895602067 46.94757365544,-71.6270101923763 46.9235610080068)))</font></td></tr></table>","GEOMETRYCOLLECTION Z (POLYGON Z ((-71.62701019239999 46.923561008 0, -70.1852895602 46.9475736554 0, -70.164044483 45.959622532 0, -71.57997492139999 45.93641922869999 0, -71.62701019239999 46.923561008 0)), POINT Z (-70.8955273377 46.4419964421 0))"
17900,19TDJ,"TILE PROPERTIES<br><table border=0 cellpadding=0 cellspacing=0  width=250 style=""FONT-SIZE: 11px; FONT-FAMILY: Verdana, Arial, Helvetica, sans-serif;""><tr><td bgcolor=""#E3E1CA"" align=""right""><font COLOR=""#000000""><b>TILE_ID</b></font></td><td bgcolor=""#E4E6CA""> <font COLOR=""#008000"">19TDJ</font></td></tr><tr><td bgcolor=""#E3E1CA"" align=""right""><font COLOR=""#000000""><b>EPSG</b></font></td><td bgcolor=""#E4E6CA""> <font COLOR=""#008000"">32619</font></td></tr><tr><td bgcolor=""#E3E1CA"" align=""right""><font COLOR=""#000000""><b>MGRS_REF</b></font></td><td bgcolor=""#E4E6CA""> <font COLOR=""#008000"">44.246370915 -70.252477052 44.253237519 -69 43.352855392 -69 43.346200009 -70.233812138</font></td></tr><tr><td bgcolor=""#E3E1CA"" align=""right""><font COLOR=""#000000""><b>UTM_WKT</b></font></td><td bgcolor=""#E4E6CA""> <font COLOR=""#008000"">MULTIPOLYGON(((399960 4900020,399960 4790220,509760 4790220,509760 4900020,399960 4900020)))</font></td></tr><tr><td bgcolor=""#E3E1CA"" align=""right""><font COLOR=""#000000""><b>LL_WKT</b></font></td><td bgcolor=""#E4E6CA""> <font COLOR=""#008000"">MULTIPOLYGON(((-70.2529817457035 44.2465454409441,-70.2325254012811 43.2581500103476,-68.8797400997367 43.2647271634362,-68.8777435091353 44.2533521605051,-70.2529817457035 44.2465454409441)))</font></td></tr></table>","GEOMETRYCOLLECTION Z (POLYGON Z ((-70.2529817457 44.2465454409 0, -68.8777435091 44.2533521605 0, -68.8797400997 43.2647271634 0, -70.23252540129999 43.2581500103 0, -70.2529817457 44.2465454409 0)), POINT Z (-69.56536262740001 43.7557510854 0))"
17901,19TDK,"TILE PROPERTIES<br><table border=0 cellpadding=0 cellspacing=0  width=250 style=""FONT-SIZE: 11px; FONT-FAMILY: Verdana, Arial, Helvetica, sans-serif;""><tr><td bgcolor=""#E3E1CA"" align=""right""><font COLOR=""#000000""><b>TILE_ID</b></font></td><td bgcolor=""#E4E6CA""> <font COLOR=""#008000"">19TDK</font></td></tr><tr><td bgcolor=""#E3E1CA"" align=""right""><font COLOR=""#000000""><b>EPSG</b></font></td><td bgcolor=""#E4E6CA""> <font COLOR=""#008000"">32619</font></td></tr><tr><td bgcolor=""#E3E1CA"" align=""right""><font COLOR=""#000000""><b>MGRS_REF</b></font></td><td bgcolor=""#E4E6CA""> <font COLOR=""#008000"">45.146392876 -70.27203296 45.153477183 -69 44.253237519 -69 44.246370915 -70.252477052</font></td></tr><tr><td bgcolor=""#E3E1CA"" align=""right""><font COLOR=""#000000""><b>UTM_WKT</b></font></td><td bgcolor=""#E4E6CA""> <font COLOR=""#008000"">MULTIPOLYGON(((399960 5000040,399960 4890240,509760 4890240,509760 5000040,399960 5000040)))</font></td></tr><tr><td bgcolor=""#E3E1CA"" align=""right""><font COLOR=""#000000""><b>LL_WKT</b></font></td><td bgcolor=""#E4E6CA""> <font COLOR=""#008000"">MULTIPOLYGON(((-70.2725496583254 45.1467471873639,-70.251117053354 44.1585153091378,-68.8779255090644 44.1653012744298,-68.8758336028128 45.1537697555196,-70.2725496583254 45.1467471873639)))</font></td></tr></table>","GEOMETRYCOLLECTION Z (POLYGON Z ((-70.27254965829999 45.1467471874 0, -68.8758336028 45.1537697555 0, -68.8779255091 44.1653012744 0, -70.25111705339999 44.1585153091 0, -70.27254965829999 45.1467471874 0)), POINT Z (-69.5741916306 44.6561425323 0))"
17902,19TDL,"TILE PROPERTIES<br><table border=0 cellpadding=0 cellspacing=0  width=250 style=""FONT-SIZE: 11px; FONT-FAMILY: Verdana, Arial, Helvetica, sans-serif;""><tr><td bgcolor=""#E3E1CA"" align=""right""><font COLOR=""#000000""><b>TILE_ID</b></font></td><td bgcolor=""#E4E6CA""> <font COLOR=""#008000"">19TDL</font></td></tr><tr><td bgcolor=""#E3E1CA"" align=""right""><font COLOR=""#000000""><b>EPSG</b></font></td><td bgcolor=""#E4E6CA""> <font COLOR=""#008000"">32619</font></td></tr><tr><td bgcolor=""#E3E1CA"" align=""right""><font COLOR=""#000000""><b>MGRS_REF</b></font></td><td bgcolor=""#E4E6CA""> <font COLOR=""#008000"">46.046265456 -70.292532036 46.05357437 -69 45.153477183 -69 45.146392876 -70.27203296</font></td></tr><tr><td bgcolor=""#E3E1CA"" align=""right""><font COLOR=""#000000""><b>UTM_WKT</b></font></td><td bgcolor=""#E4E6CA""> <font COLOR=""#008000"">MULTIPOLYGON(((399960 5100000,399960 4990200,509760 4990200,509760 5100000,399960 5100000)))</font></td></tr><tr><td bgcolor=""#E3E1CA"" align=""right""><font COLOR=""#000000""><b>LL_WKT</b></font></td><td bgcolor=""#E4E6CA""> <font COLOR=""#008000"">MULTIPOLYGON(((-70.2930489152701 46.0462596085077,-70.2705835769262 45.0581916697651,-68.8760255014893 45.0651927060724,-68.8738327627766 46.0535047352564,-70.2930489152701 46.0462596085077)))</font></td></tr></table>","GEOMETRYCOLLECTION Z (POLYGON Z ((-70.29304891530001 46.04625960850001 0, -68.87383276280001 46.0535047353 0, -68.8760255015 45.06519270610001 0, -70.27058357689999 45.0581916698 0, -70.29304891530001 46.04625960850001 0)), POINT Z (-69.583440839 45.55584820250001 0))"
17903,19TDM,"TILE PROPERTIES<br><table border=0 cellpadding=0 cellspacing=0  width=250 style=""FONT-SIZE: 11px; FONT-FAMILY: Verdana, Arial, Helvetica, sans-serif;""><tr><td bgcolor=""#E3E1CA"" align=""right""><font COLOR=""#000000""><b>TILE_ID</b></font></td><td bgcolor=""#E4E6CA""> <font COLOR=""#008000"">19TDM</font></td></tr><tr><td bgcolor=""#E3E1CA"" align=""right""><font COLOR=""#000000""><b>EPSG</b></font></td><td bgcolor=""#E4E6CA""> <font COLOR=""#008000"">32619</font></td></tr><tr><td bgcolor=""#E3E1CA"" align=""right""><font COLOR=""#000000""><b>MGRS_REF</b></font></td><td bgcolor=""#E4E6CA""> <font COLOR=""#008000"">46.945988324 -70.314030877 46.953529202 -69 46.05357437 -69 46.046265456 -70.292532036</font></td></tr><tr><td bgcolor=""#E3E1CA"" align=""right""><font COLOR=""#000000""><b>UTM_WKT</b></font></td><td bgcolor=""#E4E6CA""> <font COLOR=""#008000"">MULTIPOLYGON(((399960 5200020,399960 5090220,509760 5090220,509760 5200020,399960 5200020)))</font></td></tr><tr><td bgcolor=""#E3E1CA"" align=""right""><font COLOR=""#000000""><b>LL_WKT</b></font></td><td bgcolor=""#E4E6CA""> <font COLOR=""#008000"">MULTIPOLYGON(((-70.3145607529042 46.9461622205863,-70.2910001297434 45.9582586884214,-68.8740327369249 45.9654817261501,-68.8717330548762 46.9536373337673,-70.3145607529042 46.9461622205863)))</font></td></tr></table>","GEOMETRYCOLLECTION Z (POLYGON Z ((-70.31456075289999 46.9461622206 0, -68.87173305490001 46.9536373338 0, -68.87403273690001 45.9654817262 0, -70.2910001297 45.9582586884 0, -70.31456075289999 46.9461622206 0)), POINT Z (-69.59314690390001 46.4559480111 0))"
17904,19TDN,"TILE PROPERTIES<br><table border=0 cellpadding=0 cellspacing=0  width=250 style=""FONT-SIZE: 11px; FONT-FAMILY: Verdana, Arial, Helvetica, sans-serif;""><tr><td bgcolor=""#E3E1CA"" align=""right""><font COLOR=""#000000""><b>TILE_ID</b></font></td><td bgcolor=""#E4E6CA""> <font COLOR=""#008000"">19TDN</font></td></tr><tr><td bgcolor=""#E3E1CA"" align=""right""><font COLOR=""#000000""><b>EPSG</b></font></td><td bgcolor=""#E4E6CA""> <font COLOR=""#008000"">32619</font></td></tr><tr><td bgcolor=""#E3E1CA"" align=""right""><font COLOR=""#000000""><b>MGRS_REF</b></font></td><td bgcolor=""#E4E6CA""> <font COLOR=""#008000"">47.845561252 -70.336590975 47.853341946 -69 46.953529202 -69 46.945988324 -70.314030877</font></td></tr><tr><td bgcolor=""#E3E1CA"" align=""right""><font COLOR=""#000000""><b>UTM_WKT</b></font></td><td bgcolor=""#E4E6CA""> <font COLOR=""#008000"">MULTIPOLYGON(((399960 5300040,399960 5190240,509760 5190240,509760 5300040,399960 5300040)))</font></td></tr><tr><td bgcolor=""#E3E1CA"" align=""right""><font COLOR=""#000000""><b>LL_WKT</b></font></td><td bgcolor=""#E4E6CA""> <font COLOR=""#008000"">MULTIPOLYGON(((-70.3371347095471 47.845914826827,-70.3124114995173 46.8581759574933,-68.8719428388495 46.8656282472998,-68.8695296380839 47.8536277114283,-70.3371347095471 47.845914826827)))</font></td></tr></table>","GEOMETRYCOLLECTION Z (POLYGON Z ((-70.33713470950001 47.8459148268 0, -68.8695296381 47.8536277114 0, -68.8719428388 46.8656282473 0, -70.3124114995 46.8581759575 0, -70.33713470950001 47.8459148268 0)), POINT Z (-69.6033321738 47.3559018345 0))"
17909,19TEJ,"TILE PROPERTIES<br><table border=0 cellpadding=0 cellspacing=0  width=250 style=""FONT-SIZE: 11px; FONT-FAMILY: Verdana, Arial, Helvetica, sans-serif;""><tr><td bgcolor=""#E3E1CA"" align=""right""><font COLOR=""#000000""><b>TILE_ID</b></font></td><td bgcolor=""#E4E6CA""> <font COLOR=""#008000"">19TEJ</font></td></tr><tr><td bgcolor=""#E3E1CA"" align=""right""><font COLOR=""#000000""><b>EPSG</b></font></td><td bgcolor=""#E4E6CA""> <font COLOR=""#008000"">32619</font></td></tr><tr><td bgcolor=""#E3E1CA"" align=""right""><font COLOR=""#000000""><b>MGRS_REF</b></font></td><td bgcolor=""#E4E6CA""> <font COLOR=""#008000"">44.253237519 -69 44.246370915 -67.747522948 43.346200009 -67.766187862 43.352855392 -69</font></td></tr><tr><td bgcolor=""#E3E1CA"" align=""right""><font COLOR=""#000000""><b>UTM_WKT</b></font></td><td bgcolor=""#E4E6CA""> <font COLOR=""#008000"">MULTIPOLYGON(((499980 4900020,499980 4790220,609780 4790220,609780 4900020,499980 4900020)))</font></td></tr><tr><td bgcolor=""#E3E1CA"" align=""right""><font COLOR=""#000000""><b>LL_WKT</b></font></td><td bgcolor=""#E4E6CA""> <font COLOR=""#008000"">MULTIPOLYGON(((-69.0002505258791 44.2534175806103,-69.0002464344881 43.2647903769107,-67.6475059675223 43.2567942937387,-67.6250599412569 44.2451424113564,-69.0002505258791 44.2534175806103)))</font></td></tr></table>","GEOMETRYCOLLECTION Z (POLYGON Z ((-69.0002505259 44.2534175806 0, -67.62505994129999 44.2451424114 0, -67.6475059675 43.2567942937 0, -69.0002464345 43.2647903769 0, -69.0002505259 44.2534175806 0)), POINT Z (-68.3126552336 43.7551059372 0))"
17910,19TEK,"TILE PROPERTIES<br><table border=0 cellpadding=0 cellspacing=0  width=250 style=""FONT-SIZE: 11px; FONT-FAMILY: Verdana, Arial, Helvetica, sans-serif;""><tr><td bgcolor=""#E3E1CA"" align=""right""><font COLOR=""#000000""><b>TILE_ID</b></font></td><td bgcolor=""#E4E6CA""> <font COLOR=""#008000"">19TEK</font></td></tr><tr><td bgcolor=""#E3E1CA"" align=""right""><font COLOR=""#000000""><b>EPSG</b></font></td><td bgcolor=""#E4E6CA""> <font COLOR=""#008000"">32619</font></td></tr><tr><td bgcolor=""#E3E1CA"" align=""right""><font COLOR=""#000000""><b>MGRS_REF</b></font></td><td bgcolor=""#E4E6CA""> <font COLOR=""#008000"">45.153477183 -69 45.146392876 -67.72796704 44.246370915 -67.747522948 44.253237519 -69</font></td></tr><tr><td bgcolor=""#E3E1CA"" align=""right""><font COLOR=""#000000""><b>UTM_WKT</b></font></td><td bgcolor=""#E4E6CA""> <font COLOR=""#008000"">MULTIPOLYGON(((499980 5000040,499980 4890240,609780 4890240,609780 5000040,499980 5000040)))</font></td></tr><tr><td bgcolor=""#E3E1CA"" align=""right""><font COLOR=""#000000""><b>LL_WKT</b></font></td><td bgcolor=""#E4E6CA""> <font COLOR=""#008000"">MULTIPOLYGON(((-69.0002544396381 45.153837250421,-69.0002501529268 44.1653664950405,-67.6271059995515 44.1571165569171,-67.6035888268576 45.1452996726222,-69.0002544396381 45.153837250421)))</font></td></tr></table>","GEOMETRYCOLLECTION Z (POLYGON Z ((-69.0002544396 45.1538372504 0, -67.60358882689999 45.1452996726 0, -67.6271059996 44.1571165569 0, -69.00025015289999 44.165366495 0, -69.0002544396 45.1538372504 0)), POINT Z (-68.3019216332 44.6554769037 0))"
17911,19TEL,"TILE PROPERTIES<br><table border=0 cellpadding=0 cellspacing=0  width=250 style=""FONT-SIZE: 11px; FONT-FAMILY: Verdana, Arial, Helvetica, sans-serif;""><tr><td bgcolor=""#E3E1CA"" align=""right""><font COLOR=""#000000""><b>TILE_ID</b></font></td><td bgcolor=""#E4E6CA""> <font COLOR=""#008000"">19TEL</font></td></tr><tr><td bgcolor=""#E3E1CA"" align=""right""><font COLOR=""#000000""><b>EPSG</b></font></td><td bgcolor=""#E4E6CA""> <font COLOR=""#008000"">32619</font></td></tr><tr><td bgcolor=""#E3E1CA"" align=""right""><font COLOR=""#000000""><b>MGRS_REF</b></font></td><td bgcolor=""#E4E6CA""> <font COLOR=""#008000"">46.05357437 -69 46.046265456 -67.707467964 45.146392876 -67.72796704 45.153477183 -69</font></td></tr><tr><td bgcolor=""#E3E1CA"" align=""right""><font COLOR=""#000000""><b>UTM_WKT</b></font></td><td bgcolor=""#E4E6CA""> <font COLOR=""#008000"">MULTIPOLYGON(((499980 5100000,499980 4990200,609780 4990200,609780 5100000,499980 5100000)))</font></td></tr><tr><td bgcolor=""#E3E1CA"" align=""right""><font COLOR=""#000000""><b>LL_WKT</b></font></td><td bgcolor=""#E4E6CA""> <font COLOR=""#008000"">MULTIPOLYGON(((-69.0002585397381 46.0535743694773,-69.0002540464014 45.0652599940027,-67.6057461290181 45.0567485925864,-67.5810958556536 46.0447662263598,-69.0002585397381 46.0535743694773)))</font></td></tr></table>","GEOMETRYCOLLECTION Z (POLYGON Z ((-69.0002585397 46.0535743695 0, -67.5810958557 46.0447662264 0, -67.605746129 45.05674859260001 0, -69.0002540464 45.06525999400001 0, -69.0002585397 46.0535743695 0)), POINT Z (-68.29067719770001 45.555161481 0))"
17912,19TEM,"TILE PROPERTIES<br><table border=0 cellpadding=0 cellspacing=0  width=250 style=""FONT-SIZE: 11px; FONT-FAMILY: Verdana, Arial, Helvetica, sans-serif;""><tr><td bgcolor=""#E3E1CA"" align=""right""><font COLOR=""#000000""><b>TILE_ID</b></font></td><td bgcolor=""#E4E6CA""> <font COLOR=""#008000"">19TEM</font></td></tr><tr><td bgcolor=""#E3E1CA"" align=""right""><font COLOR=""#000000""><b>EPSG</b></font></td><td bgcolor=""#E4E6CA""> <font COLOR=""#008000"">32619</font></td></tr><tr><td bgcolor=""#E3E1CA"" align=""right""><font COLOR=""#000000""><b>MGRS_REF</b></font></td><td bgcolor=""#E4E6CA""> <font COLOR=""#008000"">46.953529202 -69 46.945988324 -67.685969123 46.046265456 -67.707467964 46.05357437 -69</font></td></tr><tr><td bgcolor=""#E3E1CA"" align=""right""><font COLOR=""#000000""><b>UTM_WKT</b></font></td><td bgcolor=""#E4E6CA""> <font COLOR=""#008000"">MULTIPOLYGON(((499980 5200020,499980 5090220,609780 5090220,609780 5200020,499980 5200020)))</font></td></tr><tr><td bgcolor=""#E3E1CA"" align=""right""><font COLOR=""#000000""><b>LL_WKT</b></font></td><td bgcolor=""#E4E6CA""> <font COLOR=""#008000"">MULTIPOLYGON(((-69.0002628424378 46.9537091787344,-69.0002581299532 45.9655511480415,-67.5833438984004 45.9567698586004,-67.5574919020619 46.9446214409232,-69.0002628424378 46.9537091787344)))</font></td></tr></table>","GEOMETRYCOLLECTION Z (POLYGON Z ((-69.00026284240001 46.9537091787 0, -67.5574919021 46.94462144090001 0, -67.5833438984 45.9567698586 0, -69.00025813000001 45.965551148 0, -69.00026284240001 46.9537091787 0)), POINT Z (-68.2788773722 46.45523951869999 0))"
17913,19TEN,"TILE PROPERTIES<br><table border=0 cellpadding=0 cellspacing=0  width=250 style=""FONT-SIZE: 11px; FONT-FAMILY: Verdana, Arial, Helvetica, sans-serif;""><tr><td bgcolor=""#E3E1CA"" align=""right""><font COLOR=""#000000""><b>TILE_ID</b></font></td><td bgcolor=""#E4E6CA""> <font COLOR=""#008000"">19TEN</font></td></tr><tr><td bgcolor=""#E3E1CA"" align=""right""><font COLOR=""#000000""><b>EPSG</b></font></td><td bgcolor=""#E4E6CA""> <font COLOR=""#008000"">32619</font></td></tr><tr><td bgcolor=""#E3E1CA"" align=""right""><font COLOR=""#000000""><b>MGRS_REF</b></font></td><td bgcolor=""#E4E6CA""> <font COLOR=""#008000"">47.853341946 -69 47.845561252 -67.663409025 46.945988324 -67.685969123 46.953529202 -69</font></td></tr><tr><td bgcolor=""#E3E1CA"" align=""right""><font COLOR=""#000000""><b>UTM_WKT</b></font></td><td bgcolor=""#E4E6CA""> <font COLOR=""#008000"">MULTIPOLYGON(((499980 5300040,499980 5190240,609780 5190240,609780 5300040,499980 5300040)))</font></td></tr><tr><td bgcolor=""#E3E1CA"" align=""right""><font COLOR=""#000000""><b>LL_WKT</b></font></td><td bgcolor=""#E4E6CA""> <font COLOR=""#008000"">MULTIPOLYGON(((-69.0002673576574 47.8537018420053,-69.0002624125506 46.8656998728757,-67.5598501755973 46.8566398814282,-67.5327226232397 47.8443250460311,-69.0002673576574 47.8537018420053)))</font></td></tr></table>","GEOMETRYCOLLECTION Z (POLYGON Z ((-69.0002673577 47.853701842 0, -67.5327226232 47.844325046 0, -67.5598501756 46.85663988139999 0, -69.00026241259999 46.8656998729 0, -69.0002673577 47.853701842 0)), POINT Z (-68.26649499040001 47.3551708617 0))"
17919,19TFK,"TILE PROPERTIES<br><table border=0 cellpadding=0 cellspacing=0  width=250 style=""FONT-SIZE: 11px; FONT-FAMILY: Verdana, Arial, Helvetica, sans-serif;""><tr><td bgcolor=""#E3E1CA"" align=""right""><font COLOR=""#000000""><b>TILE_ID</b></font></td><td bgcolor=""#E4E6CA""> <font COLOR=""#008000"">19TFK</font></td></tr><tr><td bgcolor=""#E3E1CA"" align=""right""><font COLOR=""#000000""><b>EPSG</b></font></td><td bgcolor=""#E4E6CA""> <font COLOR=""#008000"">32619</font></td></tr><tr><td bgcolor=""#E3E1CA"" align=""right""><font COLOR=""#000000""><b>MGRS_REF</b></font></td><td bgcolor=""#E4E6CA""> <font COLOR=""#008000"">45.146392876 -67.72796704 45.125153848 -66.45687651 44.225784263 -66.495936224 44.246370915 -67.747522948</font></td></tr><tr><td bgcolor=""#E3E1CA"" align=""right""><font COLOR=""#000000""><b>UTM_WKT</b></font></td><td bgcolor=""#E4E6CA""> <font COLOR=""#008000"">MULTIPOLYGON(((600000 5000040,600000 4890240,709800 4890240,709800 5000040,600000 5000040)))</font></td></tr><tr><td bgcolor=""#E3E1CA"" align=""right""><font COLOR=""#000000""><b>LL_WKT</b></font></td><td bgcolor=""#E4E6CA""> <font COLOR=""#008000"">MULTIPOLYGON(((-67.7279590322375 45.1467528550862,-67.749383075204 44.1585207859266,-66.3772587908649 44.1352507246695,-66.3323789231999 45.1226718800132,-67.7279590322375 45.1467528550862)))</font></td></tr></table>","GEOMETRYCOLLECTION Z (POLYGON Z ((-67.7279590322 45.1467528551 0, -66.3323789232 45.12267188 0, -66.3772587909 44.1352507247 0, -67.7493830752 44.1585207859 0, -67.7279590322 45.1467528551 0)), POINT Z (-67.0408809992 44.6410017899 0))"
17920,19TFL,"TILE PROPERTIES<br><table border=0 cellpadding=0 cellspacing=0  width=250 style=""FONT-SIZE: 11px; FONT-FAMILY: Verdana, Arial, Helvetica, sans-serif;""><tr><td bgcolor=""#E3E1CA"" align=""right""><font COLOR=""#000000""><b>TILE_ID</b></font></td><td bgcolor=""#E4E6CA""> <font COLOR=""#008000"">19TFL</font></td></tr><tr><td bgcolor=""#E3E1CA"" align=""right""><font COLOR=""#000000""><b>EPSG</b></font></td><td bgcolor=""#E4E6CA""> <font COLOR=""#008000"">32619</font></td></tr><tr><td bgcolor=""#E3E1CA"" align=""right""><font COLOR=""#000000""><b>MGRS_REF</b></font></td><td bgcolor=""#E4E6CA""> <font COLOR=""#008000"">46.046265456 -67.707467964 46.024353396 -66.41593488 45.125153848 -66.45687651 45.146392876 -67.72796704</font></td></tr><tr><td bgcolor=""#E3E1CA"" align=""right""><font COLOR=""#000000""><b>UTM_WKT</b></font></td><td bgcolor=""#E4E6CA""> <font COLOR=""#008000"">MULTIPOLYGON(((600000 5100000,600000 4990200,709800 4990200,709800 5100000,600000 5100000)))</font></td></tr><tr><td bgcolor=""#E3E1CA"" align=""right""><font COLOR=""#000000""><b>LL_WKT</b></font></td><td bgcolor=""#E4E6CA""> <font COLOR=""#008000"">MULTIPOLYGON(((-67.707467964173 46.0462654558279,-67.7299243282284 45.0581973201117,-66.3364957922442 45.034190139752,-66.2894558524159 46.0214217419999,-67.707467964173 46.0462654558279)))</font></td></tr></table>","GEOMETRYCOLLECTION Z (POLYGON Z ((-67.70746796420001 46.0462654558 0, -66.2894558524 46.02142174199999 0, -66.3364957922 45.03419013980001 0, -67.7299243282 45.0581973201 0, -67.70746796420001 46.0462654558 0)), POINT Z (-67.0096900903 45.5402277978 0))"
